整理番号,通称道路名,通称道路名／よみがな,起点,終点
1,内堀通り,うちぼりどおり,千代田区霞ヶ関一丁目,千代田区霞ヶ関一丁目
2,外堀通り,そとぼりどおり,中央区八重洲二丁目,中央区八重洲二丁目
3,明治通り,めいじどおり,港区南麻布二丁目,江東区夢の島
4,山手通り,やまてどおり,品川区東品川一丁目,板橋区氷川町
5,第一京浜,だいいちけいひん,港区東新橋一丁目,大田区東六郷三丁目
6,中央通り,ちゅうおうどおり,港区新橋一丁目,台東区上野六丁目
7,浅草通り,あさくさどおり,台東区東上野四丁目,江東区亀戸三丁目
8,桜田通り,さくらだどおり,千代田区霞ヶ関一丁目,品川区西五反田二丁目
9,第二京浜,だいにけいひん,品川区西五反田七丁目,大田区多摩川二丁目
10,中原街道,なかはらかいどう,品川区西五反田七丁目,大田区田園調布本町
11,目黒通り,めぐろどおり,港区白金台一丁目,世田谷区玉堤二丁目
12,青山通り,あおやまどおり,千代田区永田町一丁目,渋谷区渋谷三丁目
13,玉川通り,たまがわどおり,渋谷区桜丘町,世田谷区玉川一丁目
14,新宿通り,しんじゅくどおり,千代田区麹町一丁目,新宿区歌舞伎町一丁目
15,甲州街道,こうしゅうかいどう,新宿区内藤町,八王子市南浅川町
16,靖国通り,やすくにどおり,中央区東日本橋二丁目,新宿区歌舞伎町一丁目
17,青梅街道,おうめかいどう,新宿区歌舞伎町一丁目,西多摩郡奥多摩町留浦
18,目白通り,めじろどおり,千代田区九段北一丁目,練馬区三原台二丁目
19,春日通り,かすがどおり,豊島区東池袋一丁目,墨田区横川五丁目
20,川越街道,かわごえかいどう,豊島区東池袋一丁目,板橋区成増二丁目
21,白山通り,はくさんどおり,千代田区一ツ橋一丁目,豊島区西巣鴨三丁目
22,中仙道,なかせんどう,豊島区西巣鴨三丁目,板橋区舟渡三丁目
23,本郷通り,ほんごうどおり,千代田区神田錦町一丁目,北区滝野川一丁目
24,昭和通り,しょうわどおり,港区新橋一丁目,台東区根岸五丁目
25,日光街道,にっこうかいどう,台東区根岸五丁目,足立区西保木間四丁目
26,江戸通り,えどどおり,千代田区大手町二丁目,台東区花川戸二丁目
27,水戸街道,みとかいどう,墨田区向島二丁目,葛飾区金町三丁目
28,京葉道路,けいようどうろ,墨田区両国一丁目,江戸川区篠崎町二丁目
29,日比谷通り,ひびやどおり,千代田区大手町一丁目,港区芝四丁目
30,晴海通り,はるみどおり,千代田区日比谷公園,江戸川区東雲二丁目
31,世田谷通り,せたがやどおり,世田谷区三軒茶屋二丁目,狛江市東和泉四丁目
32,駒沢通り,こまざわどおり,渋谷区広尾一丁目,世田谷区玉川一丁目
33,井ノ頭通り,いのかしらどおり,渋谷区宇田川町,武蔵野市関前五丁目
34,中野通り,なかのどおり,渋谷区笹塚二丁目,新宿区西落合四丁目
35,五日市街道,いつかいちかいどう,杉並区梅里一丁目,あきる野市館谷
36,早稲田通り,わせだどおり,千代田区九段北二丁目,杉並区上井草四丁目
37,大久保通り,おおくぼどおり,新宿区下宮比町,杉並区高円寺南一丁目
38,不忍通り,しのばずどおり,文京区目白台二丁目,台東区上野二丁目
39,言問通り,ことといどおり,文京区弥生一丁目,台東区浅草六丁目
40,清澄通り,きよすみどおり,墨田区吾妻橋一丁目,中央区勝どき六丁目
41,永代通り,えいたいどおり,千代田区大手町一丁目,江東区新砂三丁目
42,新大橋通り,しんおおはしどおり,中央区銀座八丁目,江戸川区江戸川三丁目
43,多摩堤通り,たまづつみどおり,大田区蒲田四丁目,世田谷区喜多見七丁目
44,海岸通り,かいがんどおり,港区東新橋一丁目,大田区平和島六丁目
45,三ツ目通り,みつめどおり,江東区辰巳二丁目,墨田区向島一丁目
46,外苑東通り,がいえんひがしどおり,港区麻布台二丁目,新宿区早稲田鶴巻町
47,蔵前橋通り,くらまえばしどおり,文京区湯島二丁目,江戸川区北小岩一丁目
48,清洲橋通り,きよすばしどおり,台東区北上野二丁目,江東区東砂五丁目
49,四ツ目通り,よつめどおり,墨田区京島一丁目,江東区東陽四丁目
50,池上通り,いけがみどおり,品川区南品川五丁目,大田区千鳥三丁目
51,自由通り,じゆうどおり,大田区雪谷大塚町,世田谷区駒沢一丁目
52,中杉通り,なかすぎどおり,杉並区阿佐ヶ谷南三丁目,練馬区貫井二丁目
53,北本通り,きたほんどおり,北区王子一丁目,北区岩淵町
54,千葉街道,ちばかいどう,江戸川区松島一丁目,江戸川区北小岩三丁目
55,産業道路,さんぎょうどうろ,大田区大森東二丁目,大田区羽田二丁目
56,環七通り,かんななどおり,大田区東海一丁目,江戸川区臨海町四丁目
57,秋川街道,あきがわかいどう,青梅市青梅,八王子市八木町
58,滝山街道,たきやまかいどう,青梅市友田町二丁目,八王子市左入町
59,奥多摩街道,おくたまかいどう,青梅市勝沼一丁目,立川市錦町五丁目
60,東京環状,とうきょうかんじょう,西多摩郡瑞穂町二本木,町田市相原町
61,陣馬街道,じんばかいどう,八王子市追分町,八王子市上恩方町
62,町田街道,まちだかいどう,八王子市東浅川町,町田市鶴間
63,川崎街道,かわさきかいどう,日野市日野本町一丁目,稲城市矢野口
64,野猿街道,やえんかいどう,八王子市横山町,国立市谷保
65,鶴川街道,つるかわかいどう,町田市原町田六丁目,調布市下石原一丁目
66,鎌倉街道,かまくらかいどう,町田市森野五丁目,府中市本町一丁目
67,府中街道,ふちゅうかいどう,稲城市大丸,東村山市久米川五丁目
68,所沢街道,ところざわかいどう,西東京市田無町一丁目,東村山市久米川五丁目
69,小金井街道,こがねいかいどう,府中市宮町一丁目,清瀬市中里二丁目
70,尾久橋通り,おぐばしどおり,台東区根岸二丁目,足立区舎人四丁目
71,尾竹橋通り,おたけばしどおり,台東区根岸三丁目,足立区東伊興町二丁目
72,墨堤通り,ぼくていどおり,墨田区吾妻橋一丁目,足立区千住桜木二丁目
73,平和橋通り,へいわばしどおり,足立区足立一丁目,江戸川区松島二丁目
74,奥戸街道,おくどかいどう,葛飾区立石一丁目,江戸川区西小岩二丁目
75,柴又街道,しばまたかいどう,葛飾区金町三丁目,江戸川区江戸川一丁目
76,篠崎街道,しのざきかいどう,江戸川区東小岩三丁目,江戸川区江戸川三丁目
77,船堀街道,ふなぼりかいどう,江戸川区東小松川一丁目,江戸川区臨海町一丁目
78,丸八通り,まるはちどおり,墨田区立花四丁目,江東区新砂三丁目
79,葛西橋通り,かさいばしどおり,江東区永代二丁目,江戸川区東葛西三丁目
80,湾岸道路,わんがんどうろ,大田区羽田空港三丁目,江戸川区臨海町六丁目
81,六本木通り,ろっぽんぎどおり,千代田区霞ヶ関二丁目,渋谷区渋谷二丁目
82,外苑西通り,がいえんにしどおり,新宿区富久町,港区白金台五丁目
83,方南通り,ほうなんどおり,新宿区西新宿五丁目,杉並区大宮二丁目
84,新目白通り,しんめじろどおり,文京区関口一丁目,新宿区中落合三丁目
85,新青梅街道,しんおうめかいどう,新宿区西落合三丁目,西多摩郡瑞穂町箱根ヶ崎
86,千川通り,せんかわどおり,豊島区南長崎六丁目,練馬区上石神井一丁目
87,環八通り,かんぱちどおり,大田区羽田空港一丁目,北区岩淵町
88,高島通り,たかしまどおり,板橋区坂下二丁目,板橋区三園一丁目
89,新大宮バイパス,しんおおみやばいぱす,練馬区北町三丁目,板橋区新河岸三丁目
90,笹目通り,ささめどおり,練馬区南田中四丁目,板橋区三園二丁目
91,吉祥寺通り,きちじょうじどおり,練馬区関町三丁目,世田谷区給田四丁目
92,三鷹通り,みたかどおり,武蔵野市中町三丁目,調布市国領町一丁目
93,武蔵境通り,むさしさかいどおり,西東京市田無町一丁目,調布市小島町一丁目
94,志木街道,しきかいどう,東村山市秋津町三丁目,清瀬市下清戸五丁目
95,多摩湖自転車歩行者道,たまこじてんしゃほこうしゃどう,西東京市田無町三丁目,東村山市多摩湖町三丁目
96,連雀通り,れんじゃくどおり,三鷹市牟礼六丁目,国分寺市東恋ヶ窪四丁目
97,東八道路,とうはちどうろ,三鷹市牟礼一丁目,国立市谷保
98,人見街道,ひとみかいどう,杉並区浜田山三丁目,府中市若松町四丁目
99,旧甲州街道,きゅうこうしゅうかいどう,調布市国領町二丁目,府中市本宿町二丁目
100,狛江通り,こまえどおり,狛江市東和泉一丁目,調布市国領町一丁目
101,新小金井街道,しんこがねいかいどう,府中市是政三丁目,清瀬市下清戸一丁目
102,立川通り,たちかわどおり,立川市錦町六丁目,小平市小川町一丁目
103,芋窪街道,いもくぼかいどう,立川市栄町三丁目,東大和市蔵敷二丁目
104,新奥多摩街道,しんおくたまかいどう,立川市錦町五丁目／福生市熊川,福生市熊川／青梅市河辺町六丁目
105,北野街道,きたのかいどう,日野市南平四丁目,八王子市館町
106,多摩ニュータウン通り,たまにゅーたうんどおり,多摩市乞田,町田市小山町
107,岩蔵街道,いわくらかいどう,西多摩郡瑞穂町箱根ヶ崎,青梅市富岡三丁目
108,睦橋通り,むつみばしどおり,福生市熊川,あきる野市淵上
109,小曽木街道,おそぎかいどう,青梅市森下町,青梅市富岡
110,成木街道,なりきかいどう,青梅市東青梅二丁目,青梅市成木七丁目
111,高尾街道,たかおかいどう,八王子市高尾町,八王子市戸吹町
112,吉野街道,よしのかいどう,羽村市羽,西多摩郡奥多摩町小舟波
113,檜原街道,ひのはらかいどう,あきる野市五日市,西多摩郡檜原村数馬
114,日原街道,にっぱらかいどう,西多摩郡奥多摩町氷川,西多摩郡奥多摩町日原
115,大島一周道路,おおしまいっしゅうどうろ,大島町元町元町港,大島町元町
116,三原山登山道路,みはらやまとざんどうろ,大島町元町,大島町湯場
117,新島本道,にいじまほんどう,新島本村若郷,新島本村新町
118,式根本道,しきねほんどう,新島本村泊,新島本村式根ヶ沢
119,神津本道,こうづほんどう,神津島村長浜,神津島村多幸
120,三宅一周道路,みやけいっしゅうどうろ,三宅村神着,三宅村神着
121,湾岸通り,わんがんどおり,小笠原村父島西町,小笠原村父島洲崎
122,小港道路,こみなとどうろ,小笠原村父島扇浦,小笠原村父島小港
123,夜明道路,よあけどうろ,小笠原村父島奥村,小笠原村父島小曲
124,旧白山通り,きゅうはくさんどおり,文京区白山二丁目,文京区白山五丁目
125,旧山手通り,きゅうやまてどおり,渋谷区猿楽町,渋谷区神泉町
126,旧海岸通り,きゅうかいがんどおり,港区芝四丁目,品川区東品川一丁目
127,旧早稲田通り,きゅうわせだどおり,杉並区下井草一丁目,練馬区石神井台五丁目
128,富士街道,ふじかいどう,練馬区高野台四丁目,西東京市田無町一丁目
129,旧青梅街道,きゅうおうめかいどう,青梅市東青梅二丁目,青梅市上町
130,鳩ヶ谷街道,はとがやかいどう,足立区江北二丁目,足立区入谷九丁目
131,江北橋通り,こうほくばしどおり,足立区宮城二丁目,葛飾区亀有二丁目
132,川の手通り,かわのてどおり,荒川区南千住三丁目,足立区谷中四丁目
133,ゆりのき橋通り,ゆりのきばしどおり,墨田区東向島六丁目,江戸川区小松川三丁目
134,国際通り,こくさいどおり,台東区蔵前三丁目,台東区三ノ輪一丁目
135,道灌山通り,どうかんやまどおり,文京区千駄木三丁目,荒川区西日暮里一丁目
136,清砂大橋通り,きよすなおおはしどおり,江東区新砂三丁目,江戸川区東葛西九丁目
137,有明通り,ありあけどおり,中央区晴海二丁目,江東区有明二丁目
138,環二通り,かんにどおり,港区虎ノ門二丁目,江東区有明二丁目
139,淡島通り,あわしまどおり,渋谷区神泉町,世田谷区若林二丁目
140,要町通り,かなめちょうどおり,豊島区要町一丁目,板橋区小茂根一丁目
141,松原通り,まつばらどおり,調布市仙川町三丁目,狛江市元和泉三丁目
142,伏見通り,ふしみどおり,西東京市北町三丁目,武蔵野市八幡町二丁目
143,新武蔵境通り,しんむさしさかいどおり,武蔵野市境南町一丁目,武蔵野市関前三丁目
144,天文台通り,てんもんだいどおり,武蔵野市境二丁目,調布市上石原一丁目
145,稲城大橋通り,いなぎおおはしどおり,稲城市東長沼,府中市押立町三丁目
146,国分寺街道,こくぶんじかいどう,小平市上水南町二丁目,府中市府中町一丁目
147,多喜窪通り,たきくぼどおり,府中市武蔵台三丁目,国分寺市南町二丁目
148,新府中街道,しんふちゅうかいどう,府中市住吉町四丁目,小平市小川町一丁目
149,日野バイパス,ひのばいぱす,国立市谷保,八王子市高倉町
150,多摩モノレール通り,たまものれーるどおり,多摩市南野二丁目,立川市柴﨑町四丁目
151,南多摩尾根幹線道路,みなみたまおねかんせんどうろ,町田市小山町,稲城市百村
152,芝溝街道,しばみぞかいどう,町田市根岸町,町田市大蔵町
153,成瀬街道,なるせかいどう,町田市成瀬,町田市原町田二丁目
154,多摩大橋通り,たまおおはしどおり,八王子市大和田町二丁目,武蔵村山市本町一丁目
155,平山通り,ひらやまどおり,八王子市堀之内三丁目,八王子市大和田町二丁目
156,瑞穂バイパス,みずほばいぱす,西多摩郡瑞穂町高根,西多摩郡瑞穂町むさし野三丁目
157,西多摩産業道路,にしたまさんぎょうどうろ,福生市武蔵野台一丁目,青梅市末広町二丁目
158,羽村街道,はむらかいどう,羽村市神明台一丁目,西多摩郡瑞穂町南平一丁目
159,永田橋通り,ながたばしどおり,西多摩郡日の出町大久野,福生市福生
160,新滝山街道,しんたきやまかいどう,あきる野市牛沼,八王子市左入町
161,八王子バイパス,はちおうじばいぱす,八王子市宇津木町,町田市相原町
162,山田通り,やまだどおり,西多摩郡日の出町平井,八王子市上川町
163,美山通り,みやまどおり,八王子市上川町,八王子市元八王子町三丁目
164,多摩川南岸道路,たまがわなんがんどうろ,西多摩郡奥多摩町棚澤,西多摩郡奥多摩町氷川
165,奥多摩周遊道路,おくたましゅうゆうどうろ,西多摩郡奥多摩町川野,西多摩郡檜原村数馬
166,八丈一周道路,はちじょういっしゅうどうろ,八丈町大賀郷,八丈町大賀郷
167,八丈中央道路,はちじょうちゅうおうどうろ,八丈町三根,八丈町大賀郷
168,八丈空港道路,はちじょうくうこうどうろ,八丈町三根,八丈町大賀郷
169,青ヶ島本道,あおがしまほんどう,青ヶ島村,青ヶ島村西郷
170,利島一周道路,としまいっしゅうどうろ,利島村,利島村
171,御蔵島本道,みくらじまほんどう,御蔵島村,御蔵島村南郷
